{"cameraMode":{"drawMode":0,"name":"Shaded","section":"Shading Mode"},"sceneLighting":false,"audioPlay":false,"sceneViewState":{"showFog":true,"showMaterialUpdate":true,"showSkybox":true,"showFlares":true,"showImageEffects":true,"showParticleSystems":true},"in2DMode":false,"pivot":{"x":0.27754348516464236,"y":-3.2300000190734865,"z":6.519999980926514},"rotation":{"x":-0.4020523726940155,"y":0.15589439868927003,"z":-0.06967636942863465,"w":-0.8995532989501953},"size":2.8578836917877199,"orthographic":false}