{"cameraMode":{"drawMode":0,"name":"Shaded","section":"Shading Mode"},"sceneLighting":true,"audioPlay":false,"sceneViewState":{"showFog":true,"showMaterialUpdate":true,"showSkybox":true,"showFlares":true,"showImageEffects":true,"showParticleSystems":true},"in2DMode":false,"pivot":{"x":2.0199999809265138,"y":-3.0,"z":6.519999980926514},"rotation":{"x":-0.2674770653247833,"y":-0.08312549442052841,"z":0.02316821552813053,"w":-0.9596923589706421},"size":2.8578836917877199,"orthographic":false}