{"cameraMode":{"drawMode":0,"name":"Shaded","section":"Shading Mode"},"sceneLighting":true,"audioPlay":false,"sceneViewState":{"showFog":true,"showMaterialUpdate":true,"showSkybox":true,"showFlares":true,"showImageEffects":true,"showParticleSystems":true},"in2DMode":false,"pivot":{"x":-292.686767578125,"y":-116.57833862304688,"z":143.3488006591797},"rotation":{"x":-0.13763341307640077,"y":0.5620210766792297,"z":-0.09549904614686966,"w":-0.8099810481071472},"size":409.8899230957031,"orthographic":false}