{"cameraMode":{"drawMode":0,"name":"Shaded","section":"Shading Mode"},"sceneLighting":false,"audioPlay":false,"sceneViewState":{"showFog":false,"showMaterialUpdate":false,"showSkybox":false,"showFlares":false,"showImageEffects":false,"showParticleSystems":false},"in2DMode":false,"pivot":{"x":0.1348544955253601,"y":0.053943000733852389,"z":0.09344249963760376},"rotation":{"x":-0.04264086112380028,"y":0.6574323773384094,"z":0.03730986639857292,"w":0.7513803839683533},"size":0.26992708444595339,"orthographic":false}