{"cameraMode":{"drawMode":0,"name":"Shaded","section":"Shading Mode"},"sceneLighting":true,"audioPlay":false,"sceneViewState":{"showFog":false,"showMaterialUpdate":false,"showSkybox":false,"showFlares":false,"showImageEffects":false,"showParticleSystems":false},"in2DMode":false,"pivot":{"x":1044.287841796875,"y":756.8837280273438,"z":-198.39013671875},"rotation":{"x":0.00533341383561492,"y":0.9945911169052124,"z":0.0669272318482399,"w":-0.07925156503915787},"size":4110.7802734375,"orthographic":false}