{"cameraMode":{"drawMode":0,"name":"Shaded","section":"Shading Mode"},"sceneLighting":false,"audioPlay":false,"sceneViewState":{"showFog":false,"showMaterialUpdate":false,"showSkybox":false,"showFlares":false,"showImageEffects":false,"showParticleSystems":false},"in2DMode":false,"pivot":{"x":0.000003814697265625,"y":66.48137664794922,"z":-0.00000762939453125},"rotation":{"x":-0.029373429715633394,"y":-0.24604910612106324,"z":0.007459599990397692,"w":-0.9687834978103638},"size":202.94664001464845,"orthographic":false}