{"cameraMode":{"drawMode":0,"name":"Shaded","section":"Shading Mode"},"sceneLighting":false,"audioPlay":false,"sceneViewState":{"showFog":false,"showMaterialUpdate":false,"showSkybox":false,"showFlares":false,"showImageEffects":false,"showParticleSystems":false},"in2DMode":false,"pivot":{"x":8.435347557067871,"y":22.95628547668457,"z":-7.728498458862305},"rotation":{"x":-0.004938214085996151,"y":0.8227637410163879,"z":0.007149874698370695,"w":0.568317174911499},"size":0.2857876420021057,"orthographic":false}