{"cameraMode":{"drawMode":0,"name":"Shaded","section":"Shading Mode"},"sceneLighting":false,"audioPlay":false,"sceneViewState":{"showFog":false,"showMaterialUpdate":false,"showSkybox":false,"showFlares":false,"showImageEffects":false,"showParticleSystems":false},"in2DMode":false,"pivot":{"x":-43.4626579284668,"y":36.213809967041019,"z":14.891120910644532},"rotation":{"x":-0.04264086112380028,"y":0.6574323773384094,"z":0.03730986639857292,"w":0.7513803839683533},"size":0.15047141909599305,"orthographic":false}