{"cameraMode":{"drawMode":0,"name":"Shaded","section":"Shading Mode"},"sceneLighting":true,"audioPlay":false,"sceneViewState":{"showFog":false,"showMaterialUpdate":false,"showSkybox":false,"showFlares":false,"showImageEffects":false,"showParticleSystems":false},"in2DMode":false,"pivot":{"x":0.0,"y":0.05000000074505806,"z":-2.9660000801086427},"rotation":{"x":-0.03674956038594246,"y":0.6875378489494324,"z":0.034880731254816058,"w":0.724378764629364},"size":3.285788059234619,"orthographic":false}