{"cameraMode":{"drawMode":0,"name":"Shaded","section":"Shading Mode"},"sceneLighting":true,"audioPlay":false,"sceneViewState":{"showFog":false,"showMaterialUpdate":false,"showSkybox":false,"showFlares":false,"showImageEffects":false,"showParticleSystems":false},"in2DMode":false,"pivot":{"x":245.70530700683595,"y":779.1512451171875,"z":54.29985046386719},"rotation":{"x":-0.14913657307624818,"y":0.25093188881874087,"z":-0.039160605520009997,"w":-0.9556453227996826},"size":1946.208251953125,"orthographic":false}