{"cameraMode":{"drawMode":0,"name":"Shaded","section":"Shading Mode"},"sceneLighting":false,"audioPlay":false,"sceneViewState":{"showFog":false,"showMaterialUpdate":false,"showSkybox":false,"showFlares":false,"showImageEffects":false,"showParticleSystems":false},"in2DMode":false,"pivot":{"x":0.000003814697265625,"y":65.15174865722656,"z":-0.00000762939453125},"rotation":{"x":-0.14913657307624818,"y":0.25093188881874087,"z":-0.039160605520009997,"w":-0.9556453227996826},"size":198.88771057128907,"orthographic":false}