{"cameraMode":{"drawMode":0,"name":"Shaded","section":"Shading Mode"},"sceneLighting":false,"audioPlay":false,"sceneViewState":{"showFog":false,"showMaterialUpdate":false,"showSkybox":false,"showFlares":false,"showImageEffects":false,"showParticleSystems":false},"in2DMode":false,"pivot":{"x":-40.13466262817383,"y":31.314807891845704,"z":2.051504611968994},"rotation":{"x":0.033171989023685458,"y":0.9613550901412964,"z":-0.13381940126419068,"w":0.23830316960811616},"size":0.21947866678237916,"orthographic":false}