{"cameraMode":{"drawMode":0,"name":"Shaded","section":"Shading Mode"},"sceneLighting":false,"audioPlay":false,"sceneViewState":{"showFog":false,"showMaterialUpdate":false,"showSkybox":false,"showFlares":false,"showImageEffects":false,"showParticleSystems":false},"in2DMode":false,"pivot":{"x":-928.0126953125,"y":2318.669677734375,"z":-3654.9794921875},"rotation":{"x":-0.018784524872899057,"y":-0.472034215927124,"z":0.010060299187898636,"w":-0.8813226819038391},"size":1.7873945236206055,"orthographic":false}