{"cameraMode":{"drawMode":0,"name":"Shaded","section":"Shading Mode"},"sceneLighting":false,"audioPlay":false,"sceneViewState":{"showFog":false,"showMaterialUpdate":false,"showSkybox":false,"showFlares":false,"showImageEffects":false,"showParticleSystems":false},"in2DMode":false,"pivot":{"x":-0.4336620271205902,"y":0.7076916694641113,"z":2.411194324493408},"rotation":{"x":0.16641347110271455,"y":0.07563057541847229,"z":0.01280223298817873,"w":-0.98306804895401},"size":4.133510589599609,"orthographic":false}