{"cameraMode":{"drawMode":0,"name":"Shaded","section":"Shading Mode"},"sceneLighting":false,"audioPlay":false,"sceneViewState":{"showFog":false,"showMaterialUpdate":false,"showSkybox":false,"showFlares":false,"showImageEffects":false,"showParticleSystems":false},"in2DMode":false,"pivot":{"x":-49.22264099121094,"y":32.719940185546878,"z":9.162999153137207},"rotation":{"x":-0.04555761441588402,"y":0.9478132128715515,"z":-0.15812622010707856,"w":-0.2730765640735626},"size":1.6316022872924805,"orthographic":false}