{"cameraMode":{"drawMode":0,"name":"Shaded","section":"Shading Mode"},"sceneLighting":false,"audioPlay":false,"sceneViewState":{"showFog":false,"showMaterialUpdate":false,"showSkybox":false,"showFlares":false,"showImageEffects":false,"showParticleSystems":false},"in2DMode":false,"pivot":{"x":-43.088294982910159,"y":32.47927474975586,"z":21.909442901611329},"rotation":{"x":0.0077773709781467918,"y":0.9732075929641724,"z":0.03328676149249077,"w":-0.22737306356430055},"size":0.16077934205532075,"orthographic":false}