{"cameraMode":{"drawMode":0,"name":"Shaded","section":"Shading Mode"},"sceneLighting":false,"audioPlay":false,"sceneViewState":{"showFog":false,"showMaterialUpdate":false,"showSkybox":false,"showFlares":false,"showImageEffects":false,"showParticleSystems":false},"in2DMode":false,"pivot":{"x":8.535451889038086,"y":22.961936950683595,"z":-7.779109001159668},"rotation":{"x":-0.0832209661602974,"y":0.6157804131507874,"z":0.06563664972782135,"w":0.7807564735412598},"size":0.11987954378128052,"orthographic":false}