{"cameraMode":{"drawMode":0,"name":"Shaded","section":"Shading Mode"},"sceneLighting":false,"audioPlay":false,"sceneViewState":{"showFog":false,"showMaterialUpdate":false,"showSkybox":false,"showFlares":false,"showImageEffects":false,"showParticleSystems":false},"in2DMode":false,"pivot":{"x":370.6062927246094,"y":1164.538330078125,"z":766.3094482421875},"rotation":{"x":0.06306663155555725,"y":-0.7678108811378479,"z":0.07650389522314072,"w":0.6329583525657654},"size":0.9944466948509216,"orthographic":false}