{"cameraMode":{"drawMode":0,"name":"Shaded","section":"Shading Mode"},"sceneLighting":false,"audioPlay":false,"sceneViewState":{"showFog":false,"showMaterialUpdate":false,"showSkybox":false,"showFlares":false,"showImageEffects":false,"showParticleSystems":false},"in2DMode":false,"pivot":{"x":0.04999999701976776,"y":0.44999998807907107,"z":0.20000001788139344},"rotation":{"x":0.00028976978501304984,"y":0.36237186193466189,"z":-0.00011252116382820532,"w":0.9320335388183594},"size":0.5573652982711792,"orthographic":false}