{"cameraMode":{"drawMode":0,"name":"Shaded","section":"Shading Mode"},"sceneLighting":false,"audioPlay":false,"sceneViewState":{"showFog":false,"showMaterialUpdate":false,"showSkybox":false,"showFlares":false,"showImageEffects":false,"showParticleSystems":false},"in2DMode":false,"pivot":{"x":-2979.428466796875,"y":1378.7052001953125,"z":-2336.961669921875},"rotation":{"x":-0.018784524872899057,"y":-0.472034215927124,"z":0.010060298256576062,"w":-0.8813226819038391},"size":1.3083851337432862,"orthographic":false}