{"cameraMode":{"drawMode":0,"name":"Shaded","section":"Shading Mode"},"sceneLighting":false,"audioPlay":false,"sceneViewState":{"showFog":false,"showMaterialUpdate":false,"showSkybox":false,"showFlares":false,"showImageEffects":false,"showParticleSystems":false},"in2DMode":false,"pivot":{"x":24.55220603942871,"y":-20.850894927978517,"z":-11.104498863220215},"rotation":{"x":-0.19986160099506379,"y":-0.7836650013923645,"z":0.31556352972984316,"w":-0.4963306486606598},"size":40.787418365478519,"orthographic":false}