{"cameraMode":{"drawMode":0,"name":"Shaded","section":"Shading Mode"},"sceneLighting":false,"audioPlay":false,"sceneViewState":{"showFog":false,"showMaterialUpdate":false,"showSkybox":false,"showFlares":false,"showImageEffects":false,"showParticleSystems":false},"in2DMode":false,"pivot":{"x":-42.64487075805664,"y":32.42204666137695,"z":21.79782485961914},"rotation":{"x":0.00008687422814546153,"y":0.9999020099639893,"z":0.007189346943050623,"w":-0.012015235610306263},"size":3.7607791423797609,"orthographic":false}