{"cameraMode":{"drawMode":0,"name":"Shaded","section":"Shading Mode"},"sceneLighting":false,"audioPlay":false,"sceneViewState":{"showFog":false,"showMaterialUpdate":false,"showSkybox":false,"showFlares":false,"showImageEffects":false,"showParticleSystems":false},"in2DMode":false,"pivot":{"x":373.8417663574219,"y":1168.5294189453125,"z":803.0482788085938},"rotation":{"x":0.012879591435194016,"y":-0.9783034324645996,"z":0.19659194350242616,"w":0.06409543007612229},"size":139.92388916015626,"orthographic":false}