{"cameraMode":{"drawMode":0,"name":"Shaded","section":"Shading Mode"},"sceneLighting":true,"audioPlay":false,"sceneViewState":{"showFog":false,"showMaterialUpdate":false,"showSkybox":false,"showFlares":false,"showImageEffects":false,"showParticleSystems":false},"in2DMode":false,"pivot":{"x":-2979.440185546875,"y":1378.3740234375,"z":-2336.93505859375},"rotation":{"x":-0.018784524872899057,"y":-0.472034215927124,"z":0.010060298256576062,"w":-0.8813226819038391},"size":5.352667808532715,"orthographic":false}