{"cameraMode":{"drawMode":0,"name":"Shaded","section":"Shading Mode"},"sceneLighting":false,"audioPlay":false,"sceneViewState":{"showFog":false,"showMaterialUpdate":false,"showSkybox":false,"showFlares":false,"showImageEffects":false,"showParticleSystems":false},"in2DMode":false,"pivot":{"x":527.7649536132813,"y":1024.48974609375,"z":498.343017578125},"rotation":{"x":0.17434214055538178,"y":-0.07904813438653946,"z":0.014043140225112439,"w":0.9814066886901856},"size":46.41585159301758,"orthographic":false}